{
  "Total" : {
    "transaction" : "Total",
    "sampleCount" : 10000,
    "errorCount" : 0,
    "errorPct" : 0.0,
    "meanResTime" : 2066.416999999992,
    "medianResTime" : 2146.5,
    "minResTime" : 60.0,
    "maxResTime" : 8517.0,
    "pct1ResTime" : 2461.0,
    "pct2ResTime" : 3945.0,
    "pct3ResTime" : 4203.98,
    "throughput" : 420.64526984394064,
    "receivedKBytesPerSec" : 92.83772557102596,
    "sentKBytesPerSec" : 84.98882989631095
  },
  "HTTP Request" : {
    "transaction" : "HTTP Request",
    "sampleCount" : 10000,
    "errorCount" : 0,
    "errorPct" : 0.0,
    "meanResTime" : 2066.416999999992,
    "medianResTime" : 2146.5,
    "minResTime" : 60.0,
    "maxResTime" : 8517.0,
    "pct1ResTime" : 2461.0,
    "pct2ResTime" : 3945.0,
    "pct3ResTime" : 4203.98,
    "throughput" : 420.64526984394064,
    "receivedKBytesPerSec" : 92.83772557102596,
    "sentKBytesPerSec" : 84.98882989631095
  }
}