{
  "Total" : {
    "transaction" : "Total",
    "sampleCount" : 1000,
    "errorCount" : 0,
    "errorPct" : 0.0,
    "meanResTime" : 287.42199999999957,
    "medianResTime" : 273.0,
    "minResTime" : 4.0,
    "maxResTime" : 935.0,
    "pct1ResTime" : 343.0,
    "pct2ResTime" : 362.94999999999993,
    "pct3ResTime" : 911.9300000000001,
    "throughput" : 314.070351758794,
    "receivedKBytesPerSec" : 69.31630810301507,
    "sentKBytesPerSec" : 63.157584798994975
  },
  "HTTP Request" : {
    "transaction" : "HTTP Request",
    "sampleCount" : 1000,
    "errorCount" : 0,
    "errorPct" : 0.0,
    "meanResTime" : 287.42199999999957,
    "medianResTime" : 273.0,
    "minResTime" : 4.0,
    "maxResTime" : 935.0,
    "pct1ResTime" : 343.0,
    "pct2ResTime" : 362.94999999999993,
    "pct3ResTime" : 911.9300000000001,
    "throughput" : 314.070351758794,
    "receivedKBytesPerSec" : 69.31630810301507,
    "sentKBytesPerSec" : 63.157584798994975
  }
}