{
  "Total" : {
    "transaction" : "Total",
    "sampleCount" : 1000,
    "errorCount" : 0,
    "errorPct" : 0.0,
    "meanResTime" : 290.6080000000004,
    "medianResTime" : 287.0,
    "minResTime" : 2.0,
    "maxResTime" : 960.0,
    "pct1ResTime" : 341.0,
    "pct2ResTime" : 363.7999999999997,
    "pct3ResTime" : 924.99,
    "throughput" : 310.8486167236556,
    "receivedKBytesPerSec" : 68.60526111283805,
    "sentKBytesPerSec" : 62.509714019272614
  },
  "HTTP Request" : {
    "transaction" : "HTTP Request",
    "sampleCount" : 1000,
    "errorCount" : 0,
    "errorPct" : 0.0,
    "meanResTime" : 290.6080000000004,
    "medianResTime" : 287.0,
    "minResTime" : 2.0,
    "maxResTime" : 960.0,
    "pct1ResTime" : 341.0,
    "pct2ResTime" : 363.7999999999997,
    "pct3ResTime" : 924.99,
    "throughput" : 310.8486167236556,
    "receivedKBytesPerSec" : 68.60526111283805,
    "sentKBytesPerSec" : 62.509714019272614
  }
}